category,event,date
Weather ,Tropical Storm Isaias,8/4/2020
Weather ,September 2023 Floods,9/29/2023
Weather ,Heat Wave,7/15/2024
Weather ,Heat Wave,7/16/2024
Weather ,Heat Wave,7/17/2024
Weather ,Heat Wave,7/18/2024
Weather ,Heat Wave,7/19/2024
Weather ,Heat Wave,7/20/2024
Weather ,Upper West Side Water Main Break,11/20/2024
Sporting ,US Open Tennis Championships,8/31/2020
Sporting ,US Open Tennis Championships,9/1/2020
Sporting ,US Open Tennis Championships,9/2/2020
Sporting ,US Open Tennis Championships,9/3/2020
Sporting ,US Open Tennis Championships,9/4/2020
Sporting ,US Open Tennis Championships,9/5/2020
Sporting ,US Open Tennis Championships,9/6/2020
Sporting ,US Open Tennis Championships,9/7/2020
Sporting ,US Open Tennis Championships,9/8/2020
Sporting ,US Open Tennis Championships,9/9/2020
Sporting ,US Open Tennis Championships,9/10/2020
Sporting ,US Open Tennis Championships,9/11/2020
Sporting ,US Open Tennis Championships,9/12/2020
Sporting ,US Open Tennis Championships,9/13/2020
Sporting ,US Open Tennis Championships,8/30/2021
Sporting ,US Open Tennis Championships,8/31/2021
Sporting ,US Open Tennis Championships,9/1/2021
Sporting ,US Open Tennis Championships,9/2/2021
Sporting ,US Open Tennis Championships,9/3/2021
Sporting ,US Open Tennis Championships,9/4/2021
Sporting ,US Open Tennis Championships,9/5/2021
Sporting ,US Open Tennis Championships,9/6/2021
Sporting ,US Open Tennis Championships,9/7/2021
Sporting ,US Open Tennis Championships,9/8/2021
Sporting ,US Open Tennis Championships,9/9/2021
Sporting ,US Open Tennis Championships,9/10/2021
Sporting ,US Open Tennis Championships,9/11/2021
Sporting ,US Open Tennis Championships,9/12/2021
Sporting ,US Open Tennis Championships,8/29/2022
Sporting ,US Open Tennis Championships,8/30/2022
Sporting ,US Open Tennis Championships,8/31/2022
Sporting ,US Open Tennis Championships,9/1/2022
Sporting ,US Open Tennis Championships,9/2/2022
Sporting ,US Open Tennis Championships,9/3/2022
Sporting ,US Open Tennis Championships,9/4/2022
Sporting ,US Open Tennis Championships,9/5/2022
Sporting ,US Open Tennis Championships,9/6/2022
Sporting ,US Open Tennis Championships,9/7/2022
Sporting ,US Open Tennis Championships,9/8/2022
Sporting ,US Open Tennis Championships,9/9/2022
Sporting ,US Open Tennis Championships,9/10/2022
Sporting ,US Open Tennis Championships,9/11/2022
Sporting ,US Open Tennis Championships,8/28/2023
Sporting ,US Open Tennis Championships,8/29/2023
Sporting ,US Open Tennis Championships,8/30/2023
Sporting ,US Open Tennis Championships,8/31/2023
Sporting ,US Open Tennis Championships,9/1/2023
Sporting ,US Open Tennis Championships,9/2/2023
Sporting ,US Open Tennis Championships,9/3/2023
Sporting ,US Open Tennis Championships,9/4/2023
Sporting ,US Open Tennis Championships,9/5/2023
Sporting ,US Open Tennis Championships,9/6/2023
Sporting ,US Open Tennis Championships,9/7/2023
Sporting ,US Open Tennis Championships,9/8/2023
Sporting ,US Open Tennis Championships,9/9/2023
Sporting ,US Open Tennis Championships,9/10/2023
Sporting ,US Open Tennis Championships,8/26/2024
Sporting ,US Open Tennis Championships,8/27/2024
Sporting ,US Open Tennis Championships,8/28/2024
Sporting ,US Open Tennis Championships,8/29/2024
Sporting ,US Open Tennis Championships,8/30/2024
Sporting ,US Open Tennis Championships,8/31/2024
Sporting ,US Open Tennis Championships,9/1/2024
Sporting ,US Open Tennis Championships,9/2/2024
Sporting ,US Open Tennis Championships,9/3/2024
Sporting ,US Open Tennis Championships,9/4/2024
Sporting ,US Open Tennis Championships,9/5/2024
Sporting ,US Open Tennis Championships,9/6/2024
Sporting ,US Open Tennis Championships,9/7/2024
Sporting ,US Open Tennis Championships,9/8/2024
Sporting ,New York City Marathon,11/1/2020
Sporting ,New York City Marathon,11/7/2021
Sporting ,New York City Marathon,11/6/2022
Sporting ,New York City Marathon,11/5/2023
Sporting ,New York City Marathon,11/3/2024
Sporting ,Five Boro Bike Tour,5/3/2020
Sporting ,Five Boro Bike Tour,8/22/2021
Sporting ,Five Boro Bike Tour,5/1/2022
Sporting ,Five Boro Bike Tour,5/7/2023
Sporting ,Five Boro Bike Tour,5/5/2024
Sporting ,New York City Half Marathon,3/19/2023
Sporting ,New York City Half Marathon,3/17/2024
Sporting ,New York Yankees Opening Day,4/1/2021
Sporting ,New York Mets Opening Day,4/1/2021
Sporting ,New York Knicks vs. Brooklyn Nets,5/1/2021
Sporting ,New York Rangers vs. New York Islanders,1/14/2021
Political,2020 Presidential Election,11/3/2020
Political,Return to Office Policies,9/1/2021
Political,2022 Midterm Elections,11/8/2022
Political,Congestion Pricing Announcement,2/1/2023
Festivals & Cultural ,New York Fashion Week,2/6/2020
Festivals & Cultural ,New York Fashion Week,2/7/2020
Festivals & Cultural ,New York Fashion Week,2/8/2020
Festivals & Cultural ,New York Fashion Week,2/9/2020
Festivals & Cultural ,New York Fashion Week,2/10/2020
Festivals & Cultural ,New York Fashion Week,2/11/2020
Festivals & Cultural ,New York Fashion Week,2/12/2020
Festivals & Cultural ,New York Fashion Week,2/13/2020
Festivals & Cultural ,New York Fashion Week,2/14/2020
Festivals & Cultural ,New York Fashion Week,9/5/2020
Festivals & Cultural ,New York Fashion Week,9/6/2020
Festivals & Cultural ,New York Fashion Week,9/7/2020
Festivals & Cultural ,New York Fashion Week,9/8/2020
Festivals & Cultural ,New York Fashion Week,9/9/2020
Festivals & Cultural ,New York Fashion Week,9/10/2020
Festivals & Cultural ,New York Fashion Week,9/11/2020
Festivals & Cultural ,New York Fashion Week,9/12/2020
Festivals & Cultural ,New York Fashion Week,9/13/2020
Festivals & Cultural ,New York Fashion Week,2/7/2021
Festivals & Cultural ,New York Fashion Week,2/8/2021
Festivals & Cultural ,New York Fashion Week,2/9/2021
Festivals & Cultural ,New York Fashion Week,2/10/2021
Festivals & Cultural ,New York Fashion Week,2/11/2021
Festivals & Cultural ,New York Fashion Week,2/12/2021
Festivals & Cultural ,New York Fashion Week,2/13/2021
Festivals & Cultural ,New York Fashion Week,2/14/2021
Festivals & Cultural ,New York Fashion Week,2/15/2021
Festivals & Cultural ,New York Fashion Week,9/6/2021
Festivals & Cultural ,New York Fashion Week,9/7/2021
Festivals & Cultural ,New York Fashion Week,9/8/2021
Festivals & Cultural ,New York Fashion Week,9/9/2021
Festivals & Cultural ,New York Fashion Week,9/10/2021
Festivals & Cultural ,New York Fashion Week,9/11/2021
Festivals & Cultural ,New York Fashion Week,9/12/2021
Festivals & Cultural ,New York Fashion Week,9/13/2021
Festivals & Cultural ,New York Fashion Week,9/14/2021
Festivals & Cultural ,New York Fashion Week,2/11/2022
Festivals & Cultural ,New York Fashion Week,2/12/2022
Festivals & Cultural ,New York Fashion Week,2/13/2022
Festivals & Cultural ,New York Fashion Week,2/14/2022
Festivals & Cultural ,New York Fashion Week,2/15/2022
Festivals & Cultural ,New York Fashion Week,2/16/2022
Festivals & Cultural ,New York Fashion Week,2/17/2022
Festivals & Cultural ,New York Fashion Week,2/18/2022
Festivals & Cultural ,New York Fashion Week,2/19/2022
Festivals & Cultural ,New York Fashion Week,9/9/2022
Festivals & Cultural ,New York Fashion Week,9/10/2022
Festivals & Cultural ,New York Fashion Week,9/11/2022
Festivals & Cultural ,New York Fashion Week,9/12/2022
Festivals & Cultural ,New York Fashion Week,9/13/2022
Festivals & Cultural ,New York Fashion Week,9/14/2022
Festivals & Cultural ,New York Fashion Week,9/15/2022
Festivals & Cultural ,New York Fashion Week,9/16/2022
Festivals & Cultural ,New York Fashion Week,9/17/2022
Festivals & Cultural ,New York Fashion Week,2/10/2023
Festivals & Cultural ,New York Fashion Week,2/11/2023
Festivals & Cultural ,New York Fashion Week,2/12/2023
Festivals & Cultural ,New York Fashion Week,2/13/2023
Festivals & Cultural ,New York Fashion Week,2/14/2023
Festivals & Cultural ,New York Fashion Week,2/15/2023
Festivals & Cultural ,New York Fashion Week,2/16/2023
Festivals & Cultural ,New York Fashion Week,2/17/2023
Festivals & Cultural ,New York Fashion Week,2/18/2023
Festivals & Cultural ,New York Fashion Week,9/8/2023
Festivals & Cultural ,New York Fashion Week,9/9/2023
Festivals & Cultural ,New York Fashion Week,9/10/2023
Festivals & Cultural ,New York Fashion Week,9/11/2023
Festivals & Cultural ,New York Fashion Week,9/12/2023
Festivals & Cultural ,New York Fashion Week,9/13/2023
Festivals & Cultural ,New York Fashion Week,9/14/2023
Festivals & Cultural ,New York Fashion Week,9/15/2023
Festivals & Cultural ,New York Fashion Week,9/16/2023
Festivals & Cultural ,New York Fashion Week,2/6/2024
Festivals & Cultural ,New York Fashion Week,2/7/2024
Festivals & Cultural ,New York Fashion Week,2/8/2024
Festivals & Cultural ,New York Fashion Week,2/9/2024
Festivals & Cultural ,New York Fashion Week,2/10/2024
Festivals & Cultural ,New York Fashion Week,2/11/2024
Festivals & Cultural ,New York Fashion Week,2/12/2024
Festivals & Cultural ,New York Fashion Week,2/13/2024
Festivals & Cultural ,New York Fashion Week,2/14/2024
Festivals & Cultural ,New York Fashion Week,9/5/2024
Festivals & Cultural ,New York Fashion Week,9/6/2024
Festivals & Cultural ,New York Fashion Week,9/7/2024
Festivals & Cultural ,New York Fashion Week,9/8/2024
Festivals & Cultural ,New York Fashion Week,9/9/2024
Festivals & Cultural ,New York Fashion Week,9/10/2024
Festivals & Cultural ,New York Fashion Week,9/11/2024
Festivals & Cultural ,New York Fashion Week,9/12/2024
Festivals & Cultural ,New York Fashion Week,9/13/2024
Festivals & Cultural ,Head In The Clouds Festival,5/11/2024
Festivals & Cultural ,Head In The Clouds Festival,5/12/2024
Festivals & Cultural ,The New Yorker Festival,10/25/2024
Festivals & Cultural ,The New Yorker Festival,10/26/2024
Festivals & Cultural ,The New Yorker Festival,10/27/2024
Festivals & Cultural ,NYC Culture Week,10/24/2024
Festivals & Cultural ,NYC Culture Week,10/25/2024
Festivals & Cultural ,NYC Culture Week,10/26/2024
Festivals & Cultural ,NYC Culture Week,10/27/2024
Festivals & Cultural ,NYC Culture Week,10/28/2024
Festivals & Cultural ,NYC Culture Week,10/29/2024
Festivals & Cultural ,NYC Culture Week,10/30/2024
Festivals & Cultural ,NYC Culture Week,10/31/2024
Festivals & Cultural ,Macy’s Thanksgiving Day Parade,11/26/2020
Festivals & Cultural ,Macy’s Thanksgiving Day Parade,11/25/2021
Festivals & Cultural ,Macy’s Thanksgiving Day Parade,11/24/2022
Festivals & Cultural ,Macy’s Thanksgiving Day Parade,11/23/2023
Festivals & Cultural ,Macy’s Thanksgiving Day Parade,11/28/2024
Festivals & Cultural ,Christmas Spectacular,11/13/2020
Festivals & Cultural ,Christmas Spectacular,11/14/2020
Festivals & Cultural ,Christmas Spectacular,11/15/2020
Festivals & Cultural ,Christmas Spectacular,11/16/2020
Festivals & Cultural ,Christmas Spectacular,11/17/2020
Festivals & Cultural ,Christmas Spectacular,11/18/2020
Festivals & Cultural ,Christmas Spectacular,11/19/2020
Festivals & Cultural ,Christmas Spectacular,11/20/2020
Festivals & Cultural ,Christmas Spectacular,11/21/2020
Festivals & Cultural ,Christmas Spectacular,11/22/2020
Festivals & Cultural ,Christmas Spectacular,11/23/2020
Festivals & Cultural ,Christmas Spectacular,11/24/2020
Festivals & Cultural ,Christmas Spectacular,11/25/2020
Festivals & Cultural ,Christmas Spectacular,11/26/2020
Festivals & Cultural ,Christmas Spectacular,11/27/2020
Festivals & Cultural ,Christmas Spectacular,11/28/2020
Festivals & Cultural ,Christmas Spectacular,11/29/2020
Festivals & Cultural ,Christmas Spectacular,11/30/2020
Festivals & Cultural ,Christmas Spectacular,12/1/2020
Festivals & Cultural ,Christmas Spectacular,12/2/2020
Festivals & Cultural ,Christmas Spectacular,12/3/2020
Festivals & Cultural ,Christmas Spectacular,12/4/2020
Festivals & Cultural ,Christmas Spectacular,12/5/2020
Festivals & Cultural ,Christmas Spectacular,12/6/2020
Festivals & Cultural ,Christmas Spectacular,12/7/2020
Festivals & Cultural ,Christmas Spectacular,12/8/2020
Festivals & Cultural ,Christmas Spectacular,12/9/2020
Festivals & Cultural ,Christmas Spectacular,12/10/2020
Festivals & Cultural ,Christmas Spectacular,12/11/2020
Festivals & Cultural ,Christmas Spectacular,12/12/2020
Festivals & Cultural ,Christmas Spectacular,12/13/2020
Festivals & Cultural ,Christmas Spectacular,12/14/2020
Festivals & Cultural ,Christmas Spectacular,12/15/2020
Festivals & Cultural ,Christmas Spectacular,12/16/2020
Festivals & Cultural ,Christmas Spectacular,12/17/2020
Festivals & Cultural ,Christmas Spectacular,12/18/2020
Festivals & Cultural ,Christmas Spectacular,12/19/2020
Festivals & Cultural ,Christmas Spectacular,12/20/2020
Festivals & Cultural ,Christmas Spectacular,12/21/2020
Festivals & Cultural ,Christmas Spectacular,12/22/2020
Festivals & Cultural ,Christmas Spectacular,12/23/2020
Festivals & Cultural ,Christmas Spectacular,12/24/2020
Festivals & Cultural ,Christmas Spectacular,12/25/2020
Festivals & Cultural ,Christmas Spectacular,12/26/2020
Festivals & Cultural ,Christmas Spectacular,12/27/2020
Festivals & Cultural ,Christmas Spectacular,12/28/2020
Festivals & Cultural ,Christmas Spectacular,12/29/2020
Festivals & Cultural ,Christmas Spectacular,12/30/2020
Festivals & Cultural ,Christmas Spectacular,12/31/2020
Festivals & Cultural ,Christmas Spectacular,1/1/2021
Festivals & Cultural ,Christmas Spectacular,1/2/2021
Festivals & Cultural ,Christmas Spectacular,1/3/2021
Festivals & Cultural ,Christmas Spectacular,11/12/2021
Festivals & Cultural ,Christmas Spectacular,11/13/2021
Festivals & Cultural ,Christmas Spectacular,11/14/2021
Festivals & Cultural ,Christmas Spectacular,11/15/2021
Festivals & Cultural ,Christmas Spectacular,11/16/2021
Festivals & Cultural ,Christmas Spectacular,11/17/2021
Festivals & Cultural ,Christmas Spectacular,11/18/2021
Festivals & Cultural ,Christmas Spectacular,11/19/2021
Festivals & Cultural ,Christmas Spectacular,11/20/2021
Festivals & Cultural ,Christmas Spectacular,11/21/2021
Festivals & Cultural ,Christmas Spectacular,11/22/2021
Festivals & Cultural ,Christmas Spectacular,11/23/2021
Festivals & Cultural ,Christmas Spectacular,11/24/2021
Festivals & Cultural ,Christmas Spectacular,11/25/2021
Festivals & Cultural ,Christmas Spectacular,11/26/2021
Festivals & Cultural ,Christmas Spectacular,11/27/2021
Festivals & Cultural ,Christmas Spectacular,11/28/2021
Festivals & Cultural ,Christmas Spectacular,11/29/2021
Festivals & Cultural ,Christmas Spectacular,11/30/2021
Festivals & Cultural ,Christmas Spectacular,12/1/2021
Festivals & Cultural ,Christmas Spectacular,12/2/2021
Festivals & Cultural ,Christmas Spectacular,12/3/2021
Festivals & Cultural ,Christmas Spectacular,12/4/2021
Festivals & Cultural ,Christmas Spectacular,12/5/2021
Festivals & Cultural ,Christmas Spectacular,12/6/2021
Festivals & Cultural ,Christmas Spectacular,12/7/2021
Festivals & Cultural ,Christmas Spectacular,12/8/2021
Festivals & Cultural ,Christmas Spectacular,12/9/2021
Festivals & Cultural ,Christmas Spectacular,12/10/2021
Festivals & Cultural ,Christmas Spectacular,12/11/2021
Festivals & Cultural ,Christmas Spectacular,12/12/2021
Festivals & Cultural ,Christmas Spectacular,12/13/2021
Festivals & Cultural ,Christmas Spectacular,12/14/2021
Festivals & Cultural ,Christmas Spectacular,12/15/2021
Festivals & Cultural ,Christmas Spectacular,12/16/2021
Festivals & Cultural ,Christmas Spectacular,12/17/2021
Festivals & Cultural ,Christmas Spectacular,12/18/2021
Festivals & Cultural ,Christmas Spectacular,12/19/2021
Festivals & Cultural ,Christmas Spectacular,12/20/2021
Festivals & Cultural ,Christmas Spectacular,12/21/2021
Festivals & Cultural ,Christmas Spectacular,12/22/2021
Festivals & Cultural ,Christmas Spectacular,12/23/2021
Festivals & Cultural ,Christmas Spectacular,12/24/2021
Festivals & Cultural ,Christmas Spectacular,12/25/2021
Festivals & Cultural ,Christmas Spectacular,12/26/2021
Festivals & Cultural ,Christmas Spectacular,12/27/2021
Festivals & Cultural ,Christmas Spectacular,12/28/2021
Festivals & Cultural ,Christmas Spectacular,12/29/2021
Festivals & Cultural ,Christmas Spectacular,12/30/2021
Festivals & Cultural ,Christmas Spectacular,12/31/2021
Festivals & Cultural ,Christmas Spectacular,1/1/2022
Festivals & Cultural ,Christmas Spectacular,1/2/2022
Festivals & Cultural ,Christmas Spectacular,11/11/2022
Festivals & Cultural ,Christmas Spectacular,11/12/2022
Festivals & Cultural ,Christmas Spectacular,11/13/2022
Festivals & Cultural ,Christmas Spectacular,11/14/2022
Festivals & Cultural ,Christmas Spectacular,11/15/2022
Festivals & Cultural ,Christmas Spectacular,11/16/2022
Festivals & Cultural ,Christmas Spectacular,11/17/2022
Festivals & Cultural ,Christmas Spectacular,11/18/2022
Festivals & Cultural ,Christmas Spectacular,11/19/2022
Festivals & Cultural ,Christmas Spectacular,11/20/2022
Festivals & Cultural ,Christmas Spectacular,11/21/2022
Festivals & Cultural ,Christmas Spectacular,11/22/2022
Festivals & Cultural ,Christmas Spectacular,11/23/2022
Festivals & Cultural ,Christmas Spectacular,11/24/2022
Festivals & Cultural ,Christmas Spectacular,11/25/2022
Festivals & Cultural ,Christmas Spectacular,11/26/2022
Festivals & Cultural ,Christmas Spectacular,11/27/2022
Festivals & Cultural ,Christmas Spectacular,11/28/2022
Festivals & Cultural ,Christmas Spectacular,11/29/2022
Festivals & Cultural ,Christmas Spectacular,11/30/2022
Festivals & Cultural ,Christmas Spectacular,12/1/2022
Festivals & Cultural ,Christmas Spectacular,12/2/2022
Festivals & Cultural ,Christmas Spectacular,12/3/2022
Festivals & Cultural ,Christmas Spectacular,12/4/2022
Festivals & Cultural ,Christmas Spectacular,12/5/2022
Festivals & Cultural ,Christmas Spectacular,12/6/2022
Festivals & Cultural ,Christmas Spectacular,12/7/2022
Festivals & Cultural ,Christmas Spectacular,12/8/2022
Festivals & Cultural ,Christmas Spectacular,12/9/2022
Festivals & Cultural ,Christmas Spectacular,12/10/2022
Festivals & Cultural ,Christmas Spectacular,12/11/2022
Festivals & Cultural ,Christmas Spectacular,12/12/2022
Festivals & Cultural ,Christmas Spectacular,12/13/2022
Festivals & Cultural ,Christmas Spectacular,12/14/2022
Festivals & Cultural ,Christmas Spectacular,12/15/2022
Festivals & Cultural ,Christmas Spectacular,12/16/2022
Festivals & Cultural ,Christmas Spectacular,12/17/2022
Festivals & Cultural ,Christmas Spectacular,12/18/2022
Festivals & Cultural ,Christmas Spectacular,12/19/2022
Festivals & Cultural ,Christmas Spectacular,12/20/2022
Festivals & Cultural ,Christmas Spectacular,12/21/2022
Festivals & Cultural ,Christmas Spectacular,12/22/2022
Festivals & Cultural ,Christmas Spectacular,12/23/2022
Festivals & Cultural ,Christmas Spectacular,12/24/2022
Festivals & Cultural ,Christmas Spectacular,12/25/2022
Festivals & Cultural ,Christmas Spectacular,12/26/2022
Festivals & Cultural ,Christmas Spectacular,12/27/2022
Festivals & Cultural ,Christmas Spectacular,12/28/2022
Festivals & Cultural ,Christmas Spectacular,12/29/2022
Festivals & Cultural ,Christmas Spectacular,12/30/2022
Festivals & Cultural ,Christmas Spectacular,12/31/2022
Festivals & Cultural ,Christmas Spectacular,1/1/2023
Festivals & Cultural ,Christmas Spectacular,11/17/2023
Festivals & Cultural ,Christmas Spectacular,11/18/2023
Festivals & Cultural ,Christmas Spectacular,11/19/2023
Festivals & Cultural ,Christmas Spectacular,11/20/2023
Festivals & Cultural ,Christmas Spectacular,11/21/2023
Festivals & Cultural ,Christmas Spectacular,11/22/2023
Festivals & Cultural ,Christmas Spectacular,11/23/2023
Festivals & Cultural ,Christmas Spectacular,11/24/2023
Festivals & Cultural ,Christmas Spectacular,11/25/2023
Festivals & Cultural ,Christmas Spectacular,11/26/2023
Festivals & Cultural ,Christmas Spectacular,11/27/2023
Festivals & Cultural ,Christmas Spectacular,11/28/2023
Festivals & Cultural ,Christmas Spectacular,11/29/2023
Festivals & Cultural ,Christmas Spectacular,11/30/2023
Festivals & Cultural ,Christmas Spectacular,12/1/2023
Festivals & Cultural ,Christmas Spectacular,12/2/2023
Festivals & Cultural ,Christmas Spectacular,12/3/2023
Festivals & Cultural ,Christmas Spectacular,12/4/2023
Festivals & Cultural ,Christmas Spectacular,12/5/2023
Festivals & Cultural ,Christmas Spectacular,12/6/2023
Festivals & Cultural ,Christmas Spectacular,12/7/2023
Festivals & Cultural ,Christmas Spectacular,12/8/2023
Festivals & Cultural ,Christmas Spectacular,12/9/2023
Festivals & Cultural ,Christmas Spectacular,12/10/2023
Festivals & Cultural ,Christmas Spectacular,12/11/2023
Festivals & Cultural ,Christmas Spectacular,12/12/2023
Festivals & Cultural ,Christmas Spectacular,12/13/2023
Festivals & Cultural ,Christmas Spectacular,12/14/2023
Festivals & Cultural ,Christmas Spectacular,12/15/2023
Festivals & Cultural ,Christmas Spectacular,12/16/2023
Festivals & Cultural ,Christmas Spectacular,12/17/2023
Festivals & Cultural ,Christmas Spectacular,12/18/2023
Festivals & Cultural ,Christmas Spectacular,12/19/2023
Festivals & Cultural ,Christmas Spectacular,12/20/2023
Festivals & Cultural ,Christmas Spectacular,12/21/2023
Festivals & Cultural ,Christmas Spectacular,12/22/2023
Festivals & Cultural ,Christmas Spectacular,12/23/2023
Festivals & Cultural ,Christmas Spectacular,12/24/2023
Festivals & Cultural ,Christmas Spectacular,12/25/2023
Festivals & Cultural ,Christmas Spectacular,12/26/2023
Festivals & Cultural ,Christmas Spectacular,12/27/2023
Festivals & Cultural ,Christmas Spectacular,12/28/2023
Festivals & Cultural ,Christmas Spectacular,12/29/2023
Festivals & Cultural ,Christmas Spectacular,12/30/2023
Festivals & Cultural ,Christmas Spectacular,12/31/2023
Festivals & Cultural ,Christmas Spectacular,1/1/2024
Festivals & Cultural ,Christmas Spectacular,1/2/2024
Festivals & Cultural ,Christmas Spectacular,1/3/2024
Festivals & Cultural ,Christmas Spectacular,1/4/2024
Festivals & Cultural ,Christmas Spectacular,1/5/2024
Festivals & Cultural ,Christmas Spectacular,1/6/2024
Festivals & Cultural ,Christmas Spectacular,1/7/2024
Festivals & Cultural ,New York Comic Con,10/6/2022
Festivals & Cultural ,New York Comic Con,10/7/2022
Festivals & Cultural ,New York Comic Con,10/8/2022
Festivals & Cultural ,New York Comic Con,10/9/2022
Festivals & Cultural ,New York Comic Con,10/12/2023
Festivals & Cultural ,New York Comic Con,10/13/2023
Festivals & Cultural ,New York Comic Con,10/14/2023
Festivals & Cultural ,New York Comic Con,10/15/2023
Festivals & Cultural ,New York Comic Con,10/10/2024
Festivals & Cultural ,New York Comic Con,10/11/2024
Festivals & Cultural ,New York Comic Con,10/12/2024
Festivals & Cultural ,New York Comic Con,10/13/2024
Festivals & Cultural ,Big Apple Comic Con,4/2/2022
Festivals & Cultural ,Big Apple Comic Con,4/3/2022
Festivals & Cultural ,Big Apple Comic Con,5/6/2023
Festivals & Cultural ,Big Apple Comic Con,5/7/2023
Festivals & Cultural ,Big Apple Comic Con,3/30/2024
Festivals & Cultural ,Big Apple Comic Con,3/31/2024
Festivals & Cultural ,NYC Restaurant Week (Winter),1/21/2020
Festivals & Cultural ,NYC Restaurant Week (Winter),1/22/2020
Festivals & Cultural ,NYC Restaurant Week (Winter),1/23/2020
Festivals & Cultural ,NYC Restaurant Week (Winter),1/24/2020
Festivals & Cultural ,NYC Restaurant Week (Winter),1/25/2020
Festivals & Cultural ,NYC Restaurant Week (Winter),1/26/2020
Festivals & Cultural ,NYC Restaurant Week (Winter),1/27/2020
Festivals & Cultural ,NYC Restaurant Week (Winter),1/28/2020
Festivals & Cultural ,NYC Restaurant Week (Winter),1/29/2020
Festivals & Cultural ,NYC Restaurant Week (Winter),1/30/2020
Festivals & Cultural ,NYC Restaurant Week (Winter),1/31/2020
Festivals & Cultural ,NYC Restaurant Week (Winter),2/1/2020
Festivals & Cultural ,NYC Restaurant Week (Winter),2/2/2020
Festivals & Cultural ,NYC Restaurant Week (Winter),2/3/2020
Festivals & Cultural ,NYC Restaurant Week (Winter),2/4/2020
Festivals & Cultural ,NYC Restaurant Week (Winter),2/5/2020
Festivals & Cultural ,NYC Restaurant Week (Winter),2/6/2020
Festivals & Cultural ,NYC Restaurant Week (Winter),2/7/2020
Festivals & Cultural ,NYC Restaurant Week (Winter),2/8/2020
Festivals & Cultural ,NYC Restaurant Week (Winter),2/9/2020
Festivals & Cultural ,NYC Must-See Week,1/21/2020
Festivals & Cultural ,NYC Must-See Week,1/22/2020
Festivals & Cultural ,NYC Must-See Week,1/23/2020
Festivals & Cultural ,NYC Must-See Week,1/24/2020
Festivals & Cultural ,NYC Must-See Week,1/25/2020
Festivals & Cultural ,NYC Must-See Week,1/26/2020
Festivals & Cultural ,NYC Must-See Week,1/27/2020
Festivals & Cultural ,NYC Must-See Week,1/28/2020
Festivals & Cultural ,NYC Must-See Week,1/29/2020
Festivals & Cultural ,NYC Must-See Week,1/30/2020
Festivals & Cultural ,NYC Must-See Week,1/31/2020
Festivals & Cultural ,NYC Must-See Week,2/1/2020
Festivals & Cultural ,NYC Must-See Week,2/2/2020
Festivals & Cultural ,NYC Must-See Week,2/3/2020
Festivals & Cultural ,NYC Must-See Week,2/4/2020
Festivals & Cultural ,NYC Must-See Week,2/5/2020
Festivals & Cultural ,NYC Must-See Week,2/6/2020
Festivals & Cultural ,NYC Must-See Week,2/7/2020
Festivals & Cultural ,NYC Must-See Week,2/8/2020
Festivals & Cultural ,NYC Must-See Week,2/9/2020
Festivals & Cultural ,NYC Restaurant Week (Summer),7/19/2021
Festivals & Cultural ,NYC Restaurant Week (Summer),7/20/2021
Festivals & Cultural ,NYC Restaurant Week (Summer),7/21/2021
Festivals & Cultural ,NYC Restaurant Week (Summer),7/22/2021
Festivals & Cultural ,NYC Restaurant Week (Summer),7/23/2021
Festivals & Cultural ,NYC Restaurant Week (Summer),7/24/2021
Festivals & Cultural ,NYC Restaurant Week (Summer),7/25/2021
Festivals & Cultural ,NYC Restaurant Week (Summer),7/26/2021
Festivals & Cultural ,NYC Restaurant Week (Summer),7/27/2021
Festivals & Cultural ,NYC Restaurant Week (Summer),7/28/2021
Festivals & Cultural ,NYC Restaurant Week (Summer),7/29/2021
Festivals & Cultural ,NYC Restaurant Week (Summer),7/30/2021
Festivals & Cultural ,NYC Restaurant Week (Summer),7/31/2021
Festivals & Cultural ,NYC Restaurant Week (Summer),8/1/2021
Festivals & Cultural ,NYC Restaurant Week (Summer),8/2/2021
Festivals & Cultural ,NYC Restaurant Week (Summer),8/3/2021
Festivals & Cultural ,NYC Restaurant Week (Summer),8/4/2021
Festivals & Cultural ,NYC Restaurant Week (Summer),8/5/2021
Festivals & Cultural ,NYC Restaurant Week (Summer),8/6/2021
Festivals & Cultural ,NYC Restaurant Week (Summer),8/7/2021
Festivals & Cultural ,NYC Restaurant Week (Summer),8/8/2021
Festivals & Cultural ,NYC Restaurant Week (Summer),8/9/2021
Festivals & Cultural ,NYC Restaurant Week (Summer),8/10/2021
Festivals & Cultural ,NYC Restaurant Week (Summer),8/11/2021
Festivals & Cultural ,NYC Restaurant Week (Summer),8/12/2021
Festivals & Cultural ,NYC Restaurant Week (Summer),8/13/2021
Festivals & Cultural ,NYC Restaurant Week (Summer),8/14/2021
Festivals & Cultural ,NYC Restaurant Week (Summer),8/15/2021
Festivals & Cultural ,NYC Restaurant Week (Summer),8/16/2021
Festivals & Cultural ,NYC Restaurant Week (Summer),8/17/2021
Festivals & Cultural ,NYC Restaurant Week (Summer),8/18/2021
Festivals & Cultural ,NYC Restaurant Week (Summer),8/19/2021
Festivals & Cultural ,NYC Restaurant Week (Summer),8/20/2021
Festivals & Cultural ,NYC Restaurant Week (Summer),8/21/2021
Festivals & Cultural ,NYC Restaurant Week (Summer),8/22/2021
Festivals & Cultural ,NYC Restaurant Week (Winter),1/18/2022
Festivals & Cultural ,NYC Restaurant Week (Winter),1/19/2022
Festivals & Cultural ,NYC Restaurant Week (Winter),1/20/2022
Festivals & Cultural ,NYC Restaurant Week (Winter),1/21/2022
Festivals & Cultural ,NYC Restaurant Week (Winter),1/22/2022
Festivals & Cultural ,NYC Restaurant Week (Winter),1/23/2022
Festivals & Cultural ,NYC Restaurant Week (Winter),1/24/2022
Festivals & Cultural ,NYC Restaurant Week (Winter),1/25/2022
Festivals & Cultural ,NYC Restaurant Week (Winter),1/26/2022
Festivals & Cultural ,NYC Restaurant Week (Winter),1/27/2022
Festivals & Cultural ,NYC Restaurant Week (Winter),1/28/2022
Festivals & Cultural ,NYC Restaurant Week (Winter),1/29/2022
Festivals & Cultural ,NYC Restaurant Week (Winter),1/30/2022
Festivals & Cultural ,NYC Restaurant Week (Winter),1/31/2022
Festivals & Cultural ,NYC Restaurant Week (Winter),2/1/2022
Festivals & Cultural ,NYC Restaurant Week (Winter),2/2/2022
Festivals & Cultural ,NYC Restaurant Week (Winter),2/3/2022
Festivals & Cultural ,NYC Restaurant Week (Winter),2/4/2022
Festivals & Cultural ,NYC Restaurant Week (Winter),2/5/2022
Festivals & Cultural ,NYC Restaurant Week (Winter),2/6/2022
Festivals & Cultural ,NYC Restaurant Week (Winter),2/7/2022
Festivals & Cultural ,NYC Restaurant Week (Winter),2/8/2022
Festivals & Cultural ,NYC Restaurant Week (Winter),2/9/2022
Festivals & Cultural ,NYC Restaurant Week (Winter),2/10/2022
Festivals & Cultural ,NYC Restaurant Week (Winter),2/11/2022
Festivals & Cultural ,NYC Restaurant Week (Winter),2/12/2022
Festivals & Cultural ,NYC Restaurant Week (Winter),2/13/2022
Festivals & Cultural ,NYC Restaurant Week (Summer),7/18/2022
Festivals & Cultural ,NYC Restaurant Week (Summer),7/19/2022
Festivals & Cultural ,NYC Restaurant Week (Summer),7/20/2022
Festivals & Cultural ,NYC Restaurant Week (Summer),7/21/2022
Festivals & Cultural ,NYC Restaurant Week (Summer),7/22/2022
Festivals & Cultural ,NYC Restaurant Week (Summer),7/23/2022
Festivals & Cultural ,NYC Restaurant Week (Summer),7/24/2022
Festivals & Cultural ,NYC Restaurant Week (Summer),7/25/2022
Festivals & Cultural ,NYC Restaurant Week (Summer),7/26/2022
Festivals & Cultural ,NYC Restaurant Week (Summer),7/27/2022
Festivals & Cultural ,NYC Restaurant Week (Summer),7/28/2022
Festivals & Cultural ,NYC Restaurant Week (Summer),7/29/2022
Festivals & Cultural ,NYC Restaurant Week (Summer),7/30/2022
Festivals & Cultural ,NYC Restaurant Week (Summer),7/31/2022
Festivals & Cultural ,NYC Restaurant Week (Summer),8/1/2022
Festivals & Cultural ,NYC Restaurant Week (Summer),8/2/2022
Festivals & Cultural ,NYC Restaurant Week (Summer),8/3/2022
Festivals & Cultural ,NYC Restaurant Week (Summer),8/4/2022
Festivals & Cultural ,NYC Restaurant Week (Summer),8/5/2022
Festivals & Cultural ,NYC Restaurant Week (Summer),8/6/2022
Festivals & Cultural ,NYC Restaurant Week (Summer),8/7/2022
Festivals & Cultural ,NYC Restaurant Week (Summer),8/8/2022
Festivals & Cultural ,NYC Restaurant Week (Summer),8/9/2022
Festivals & Cultural ,NYC Restaurant Week (Summer),8/10/2022
Festivals & Cultural ,NYC Restaurant Week (Summer),8/11/2022
Festivals & Cultural ,NYC Restaurant Week (Summer),8/12/2022
Festivals & Cultural ,NYC Restaurant Week (Summer),8/13/2022
Festivals & Cultural ,NYC Restaurant Week (Summer),8/14/2022
Festivals & Cultural ,NYC Restaurant Week (Summer),8/15/2022
Festivals & Cultural ,NYC Restaurant Week (Summer),8/16/2022
Festivals & Cultural ,NYC Restaurant Week (Summer),8/17/2022
Festivals & Cultural ,NYC Restaurant Week (Summer),8/18/2022
Festivals & Cultural ,NYC Restaurant Week (Summer),8/19/2022
Festivals & Cultural ,NYC Restaurant Week (Summer),8/20/2022
Festivals & Cultural ,NYC Restaurant Week (Summer),8/21/2022
Festivals & Cultural ,NYC Restaurant Week (Winter),1/17/2023
Festivals & Cultural ,NYC Restaurant Week (Winter),1/18/2023
Festivals & Cultural ,NYC Restaurant Week (Winter),1/19/2023
Festivals & Cultural ,NYC Restaurant Week (Winter),1/20/2023
Festivals & Cultural ,NYC Restaurant Week (Winter),1/21/2023
Festivals & Cultural ,NYC Restaurant Week (Winter),1/22/2023
Festivals & Cultural ,NYC Restaurant Week (Winter),1/23/2023
Festivals & Cultural ,NYC Restaurant Week (Winter),1/24/2023
Festivals & Cultural ,NYC Restaurant Week (Winter),1/25/2023
Festivals & Cultural ,NYC Restaurant Week (Winter),1/26/2023
Festivals & Cultural ,NYC Restaurant Week (Winter),1/27/2023
Festivals & Cultural ,NYC Restaurant Week (Winter),1/28/2023
Festivals & Cultural ,NYC Restaurant Week (Winter),1/29/2023
Festivals & Cultural ,NYC Restaurant Week (Winter),1/30/2023
Festivals & Cultural ,NYC Restaurant Week (Winter),1/31/2023
Festivals & Cultural ,NYC Restaurant Week (Winter),2/1/2023
Festivals & Cultural ,NYC Restaurant Week (Winter),2/2/2023
Festivals & Cultural ,NYC Restaurant Week (Winter),2/3/2023
Festivals & Cultural ,NYC Restaurant Week (Winter),2/4/2023
Festivals & Cultural ,NYC Restaurant Week (Winter),2/5/2023
Festivals & Cultural ,NYC Restaurant Week (Winter),2/6/2023
Festivals & Cultural ,NYC Restaurant Week (Winter),2/7/2023
Festivals & Cultural ,NYC Restaurant Week (Winter),2/8/2023
Festivals & Cultural ,NYC Restaurant Week (Winter),2/9/2023
Festivals & Cultural ,NYC Restaurant Week (Winter),2/10/2023
Festivals & Cultural ,NYC Restaurant Week (Winter),2/11/2023
Festivals & Cultural ,NYC Restaurant Week (Winter),2/12/2023
Festivals & Cultural ,NYC Restaurant Week (Summer),7/24/2023
Festivals & Cultural ,NYC Restaurant Week (Summer),7/25/2023
Festivals & Cultural ,NYC Restaurant Week (Summer),7/26/2023
Festivals & Cultural ,NYC Restaurant Week (Summer),7/27/2023
Festivals & Cultural ,NYC Restaurant Week (Summer),7/28/2023
Festivals & Cultural ,NYC Restaurant Week (Summer),7/29/2023
Festivals & Cultural ,NYC Restaurant Week (Summer),7/30/2023
Festivals & Cultural ,NYC Restaurant Week (Summer),7/31/2023
Festivals & Cultural ,NYC Restaurant Week (Summer),8/1/2023
Festivals & Cultural ,NYC Restaurant Week (Summer),8/2/2023
Festivals & Cultural ,NYC Restaurant Week (Summer),8/3/2023
Festivals & Cultural ,NYC Restaurant Week (Summer),8/4/2023
Festivals & Cultural ,NYC Restaurant Week (Summer),8/5/2023
Festivals & Cultural ,NYC Restaurant Week (Summer),8/6/2023
Festivals & Cultural ,NYC Restaurant Week (Summer),8/7/2023
Festivals & Cultural ,NYC Restaurant Week (Summer),8/8/2023
Festivals & Cultural ,NYC Restaurant Week (Summer),8/9/2023
Festivals & Cultural ,NYC Restaurant Week (Summer),8/10/2023
Festivals & Cultural ,NYC Restaurant Week (Summer),8/11/2023
Festivals & Cultural ,NYC Restaurant Week (Summer),8/12/2023
Festivals & Cultural ,NYC Restaurant Week (Summer),8/13/2023
Festivals & Cultural ,NYC Restaurant Week (Summer),8/14/2023
Festivals & Cultural ,NYC Restaurant Week (Summer),8/15/2023
Festivals & Cultural ,NYC Restaurant Week (Summer),8/16/2023
Festivals & Cultural ,NYC Restaurant Week (Summer),8/17/2023
Festivals & Cultural ,NYC Restaurant Week (Summer),8/18/2023
Festivals & Cultural ,NYC Restaurant Week (Summer),8/19/2023
Festivals & Cultural ,NYC Restaurant Week (Summer),8/20/2023
Festivals & Cultural ,NYC Must-See Week,1/17/2023
Festivals & Cultural ,NYC Must-See Week,1/18/2023
Festivals & Cultural ,NYC Must-See Week,1/19/2023
Festivals & Cultural ,NYC Must-See Week,1/20/2023
Festivals & Cultural ,NYC Must-See Week,1/21/2023
Festivals & Cultural ,NYC Must-See Week,1/22/2023
Festivals & Cultural ,NYC Must-See Week,1/23/2023
Festivals & Cultural ,NYC Must-See Week,1/24/2023
Festivals & Cultural ,NYC Must-See Week,1/25/2023
Festivals & Cultural ,NYC Must-See Week,1/26/2023
Festivals & Cultural ,NYC Must-See Week,1/27/2023
Festivals & Cultural ,NYC Must-See Week,1/28/2023
Festivals & Cultural ,NYC Must-See Week,1/29/2023
Festivals & Cultural ,NYC Must-See Week,1/30/2023
Festivals & Cultural ,NYC Must-See Week,1/31/2023
Festivals & Cultural ,NYC Must-See Week,2/1/2023
Festivals & Cultural ,NYC Must-See Week,2/2/2023
Festivals & Cultural ,NYC Must-See Week,2/3/2023
Festivals & Cultural ,NYC Must-See Week,2/4/2023
Festivals & Cultural ,NYC Must-See Week,2/5/2023
Festivals & Cultural ,NYC Must-See Week,2/6/2023
Festivals & Cultural ,NYC Must-See Week,2/7/2023
Festivals & Cultural ,NYC Must-See Week,2/8/2023
Festivals & Cultural ,NYC Must-See Week,2/9/2023
Festivals & Cultural ,NYC Must-See Week,2/10/2023
Festivals & Cultural ,NYC Must-See Week,2/11/2023
Festivals & Cultural ,NYC Must-See Week,2/12/2023
Festivals & Cultural ,NYC Restaurant Week (Winter),1/16/2024
Festivals & Cultural ,NYC Restaurant Week (Winter),1/17/2024
Festivals & Cultural ,NYC Restaurant Week (Winter),1/18/2024
Festivals & Cultural ,NYC Restaurant Week (Winter),1/19/2024
Festivals & Cultural ,NYC Restaurant Week (Winter),1/20/2024
Festivals & Cultural ,NYC Restaurant Week (Winter),1/21/2024
Festivals & Cultural ,NYC Restaurant Week (Winter),1/22/2024
Festivals & Cultural ,NYC Restaurant Week (Winter),1/23/2024
Festivals & Cultural ,NYC Restaurant Week (Winter),1/24/2024
Festivals & Cultural ,NYC Restaurant Week (Winter),1/25/2024
Festivals & Cultural ,NYC Restaurant Week (Winter),1/26/2024
Festivals & Cultural ,NYC Restaurant Week (Winter),1/27/2024
Festivals & Cultural ,NYC Restaurant Week (Winter),1/28/2024
Festivals & Cultural ,NYC Restaurant Week (Winter),1/29/2024
Festivals & Cultural ,NYC Restaurant Week (Winter),1/30/2024
Festivals & Cultural ,NYC Restaurant Week (Winter),1/31/2024
Festivals & Cultural ,NYC Restaurant Week (Winter),2/1/2024
Festivals & Cultural ,NYC Restaurant Week (Winter),2/2/2024
Festivals & Cultural ,NYC Restaurant Week (Winter),2/3/2024
Festivals & Cultural ,NYC Restaurant Week (Winter),2/4/2024
Festivals & Cultural ,NYC Restaurant Week (Summer),7/15/2024
Festivals & Cultural ,NYC Restaurant Week (Summer),7/16/2024
Festivals & Cultural ,NYC Restaurant Week (Summer),7/17/2024
Festivals & Cultural ,NYC Restaurant Week (Summer),7/18/2024
Festivals & Cultural ,NYC Restaurant Week (Summer),7/19/2024
Festivals & Cultural ,NYC Restaurant Week (Summer),7/20/2024
Festivals & Cultural ,NYC Restaurant Week (Summer),7/21/2024
Festivals & Cultural ,NYC Restaurant Week (Summer),7/22/2024
Festivals & Cultural ,NYC Restaurant Week (Summer),7/23/2024
Festivals & Cultural ,NYC Restaurant Week (Summer),7/24/2024
Festivals & Cultural ,NYC Restaurant Week (Summer),7/25/2024
Festivals & Cultural ,NYC Restaurant Week (Summer),7/26/2024
Festivals & Cultural ,NYC Restaurant Week (Summer),7/27/2024
Festivals & Cultural ,NYC Restaurant Week (Summer),7/28/2024
Festivals & Cultural ,NYC Restaurant Week (Summer),7/29/2024
Festivals & Cultural ,NYC Restaurant Week (Summer),7/30/2024
Festivals & Cultural ,NYC Restaurant Week (Summer),7/31/2024
Festivals & Cultural ,NYC Restaurant Week (Summer),8/1/2024
Festivals & Cultural ,NYC Restaurant Week (Summer),8/2/2024
Festivals & Cultural ,NYC Restaurant Week (Summer),8/3/2024
Festivals & Cultural ,NYC Restaurant Week (Summer),8/4/2024
Festivals & Cultural ,NYC Restaurant Week (Summer),8/5/2024
Festivals & Cultural ,NYC Restaurant Week (Summer),8/6/2024
Festivals & Cultural ,NYC Restaurant Week (Summer),8/7/2024
Festivals & Cultural ,NYC Restaurant Week (Summer),8/8/2024
Festivals & Cultural ,NYC Restaurant Week (Summer),8/9/2024
Festivals & Cultural ,NYC Restaurant Week (Summer),8/10/2024
Festivals & Cultural ,NYC Restaurant Week (Summer),8/11/2024
Festivals & Cultural ,NYC Restaurant Week (Summer),8/12/2024
Festivals & Cultural ,NYC Restaurant Week (Summer),8/13/2024
Festivals & Cultural ,NYC Restaurant Week (Summer),8/14/2024
Festivals & Cultural ,NYC Restaurant Week (Summer),8/15/2024
Festivals & Cultural ,NYC Restaurant Week (Summer),8/16/2024
Festivals & Cultural ,NYC Restaurant Week (Summer),8/17/2024
Festivals & Cultural ,NYC Restaurant Week (Summer),8/18/2024
Festivals & Cultural ,NYC Must-See Week,1/16/2024
Festivals & Cultural ,NYC Must-See Week,1/17/2024
Festivals & Cultural ,NYC Must-See Week,1/18/2024
Festivals & Cultural ,NYC Must-See Week,1/19/2024
Festivals & Cultural ,NYC Must-See Week,1/20/2024
Festivals & Cultural ,NYC Must-See Week,1/21/2024
Festivals & Cultural ,NYC Must-See Week,1/22/2024
Festivals & Cultural ,NYC Must-See Week,1/23/2024
Festivals & Cultural ,NYC Must-See Week,1/24/2024
Festivals & Cultural ,NYC Must-See Week,1/25/2024
Festivals & Cultural ,NYC Must-See Week,1/26/2024
Festivals & Cultural ,NYC Must-See Week,1/27/2024
Festivals & Cultural ,NYC Must-See Week,1/28/2024
Festivals & Cultural ,NYC Must-See Week,1/29/2024
Festivals & Cultural ,NYC Must-See Week,1/30/2024
Festivals & Cultural ,NYC Must-See Week,1/31/2024
Festivals & Cultural ,NYC Must-See Week,2/1/2024
Festivals & Cultural ,NYC Must-See Week,2/2/2024
Festivals & Cultural ,NYC Must-See Week,2/3/2024
Festivals & Cultural ,NYC Must-See Week,2/4/2024
Festivals & Cultural ,Halloween Celebrations,10/31/2020
Festivals & Cultural ,Halloween Celebrations,10/31/2021
Festivals & Cultural ,Halloween Celebrations,10/31/2022
Festivals & Cultural ,Halloween Celebrations,10/31/2023
Festivals & Cultural ,Halloween Celebrations,10/31/2024
Concerts & Performances,NYC Broadway Week (Winter),1/21/2020
Concerts & Performances,NYC Broadway Week (Winter),1/22/2020
Concerts & Performances,NYC Broadway Week (Winter),1/23/2020
Concerts & Performances,NYC Broadway Week (Winter),1/24/2020
Concerts & Performances,NYC Broadway Week (Winter),1/25/2020
Concerts & Performances,NYC Broadway Week (Winter),1/26/2020
Concerts & Performances,NYC Broadway Week (Winter),1/27/2020
Concerts & Performances,NYC Broadway Week (Winter),1/28/2020
Concerts & Performances,NYC Broadway Week (Winter),1/29/2020
Concerts & Performances,NYC Broadway Week (Winter),1/30/2020
Concerts & Performances,NYC Broadway Week (Winter),1/31/2020
Concerts & Performances,NYC Broadway Week (Winter),2/1/2020
Concerts & Performances,NYC Broadway Week (Winter),2/2/2020
Concerts & Performances,NYC Broadway Week (Winter),2/3/2020
Concerts & Performances,NYC Broadway Week (Winter),2/4/2020
Concerts & Performances,NYC Broadway Week (Winter),2/5/2020
Concerts & Performances,NYC Broadway Week (Winter),2/6/2020
Concerts & Performances,NYC Broadway Week (Winter),2/7/2020
Concerts & Performances,NYC Broadway Week (Winter),2/8/2020
Concerts & Performances,NYC Broadway Week (Winter),2/9/2020
Concerts & Performances,NYC Broadway Week (Summer),9/14/2021
Concerts & Performances,NYC Broadway Week (Summer),9/15/2021
Concerts & Performances,NYC Broadway Week (Summer),9/16/2021
Concerts & Performances,NYC Broadway Week (Summer),9/17/2021
Concerts & Performances,NYC Broadway Week (Summer),9/18/2021
Concerts & Performances,NYC Broadway Week (Summer),9/19/2021
Concerts & Performances,NYC Broadway Week (Summer),9/20/2021
Concerts & Performances,NYC Broadway Week (Summer),9/21/2021
Concerts & Performances,NYC Broadway Week (Summer),9/22/2021
Concerts & Performances,NYC Broadway Week (Summer),9/23/2021
Concerts & Performances,NYC Broadway Week (Summer),9/24/2021
Concerts & Performances,NYC Broadway Week (Summer),9/25/2021
Concerts & Performances,NYC Broadway Week (Summer),9/26/2021
Concerts & Performances,NYC Broadway Week (Summer),9/27/2021
Concerts & Performances,NYC Broadway Week (Summer),9/28/2021
Concerts & Performances,NYC Broadway Week (Summer),9/29/2021
Concerts & Performances,NYC Broadway Week (Summer),9/30/2021
Concerts & Performances,NYC Broadway Week (Summer),10/1/2021
Concerts & Performances,NYC Broadway Week (Summer),10/2/2021
Concerts & Performances,NYC Broadway Week (Summer),10/3/2021
Concerts & Performances,NYC Broadway Week (Summer),9/6/2022
Concerts & Performances,NYC Broadway Week (Summer),9/7/2022
Concerts & Performances,NYC Broadway Week (Summer),9/8/2022
Concerts & Performances,NYC Broadway Week (Summer),9/9/2022
Concerts & Performances,NYC Broadway Week (Summer),9/10/2022
Concerts & Performances,NYC Broadway Week (Summer),9/11/2022
Concerts & Performances,NYC Broadway Week (Summer),9/12/2022
Concerts & Performances,NYC Broadway Week (Summer),9/13/2022
Concerts & Performances,NYC Broadway Week (Summer),9/14/2022
Concerts & Performances,NYC Broadway Week (Summer),9/15/2022
Concerts & Performances,NYC Broadway Week (Summer),9/16/2022
Concerts & Performances,NYC Broadway Week (Summer),9/17/2022
Concerts & Performances,NYC Broadway Week (Summer),9/18/2022
Concerts & Performances,NYC Broadway Week (Summer),9/19/2022
Concerts & Performances,NYC Broadway Week (Summer),9/20/2022
Concerts & Performances,NYC Broadway Week (Summer),9/21/2022
Concerts & Performances,NYC Broadway Week (Summer),9/22/2022
Concerts & Performances,NYC Broadway Week (Summer),9/23/2022
Concerts & Performances,NYC Broadway Week (Summer),9/24/2022
Concerts & Performances,NYC Broadway Week (Summer),9/25/2022
Concerts & Performances,NYC Broadway Week (Winter),1/17/2023
Concerts & Performances,NYC Broadway Week (Winter),1/18/2023
Concerts & Performances,NYC Broadway Week (Winter),1/19/2023
Concerts & Performances,NYC Broadway Week (Winter),1/20/2023
Concerts & Performances,NYC Broadway Week (Winter),1/21/2023
Concerts & Performances,NYC Broadway Week (Winter),1/22/2023
Concerts & Performances,NYC Broadway Week (Winter),1/23/2023
Concerts & Performances,NYC Broadway Week (Winter),1/24/2023
Concerts & Performances,NYC Broadway Week (Winter),1/25/2023
Concerts & Performances,NYC Broadway Week (Winter),1/26/2023
Concerts & Performances,NYC Broadway Week (Winter),1/27/2023
Concerts & Performances,NYC Broadway Week (Winter),1/28/2023
Concerts & Performances,NYC Broadway Week (Winter),1/29/2023
Concerts & Performances,NYC Broadway Week (Winter),1/30/2023
Concerts & Performances,NYC Broadway Week (Winter),1/31/2023
Concerts & Performances,NYC Broadway Week (Winter),2/1/2023
Concerts & Performances,NYC Broadway Week (Winter),2/2/2023
Concerts & Performances,NYC Broadway Week (Winter),2/3/2023
Concerts & Performances,NYC Broadway Week (Winter),2/4/2023
Concerts & Performances,NYC Broadway Week (Winter),2/5/2023
Concerts & Performances,NYC Broadway Week (Winter),2/6/2023
Concerts & Performances,NYC Broadway Week (Winter),2/7/2023
Concerts & Performances,NYC Broadway Week (Winter),2/8/2023
Concerts & Performances,NYC Broadway Week (Winter),2/9/2023
Concerts & Performances,NYC Broadway Week (Winter),2/10/2023
Concerts & Performances,NYC Broadway Week (Winter),2/11/2023
Concerts & Performances,NYC Broadway Week (Winter),2/12/2023
Concerts & Performances,NYC Broadway Week (Summer),9/4/2023
Concerts & Performances,NYC Broadway Week (Summer),9/5/2023
Concerts & Performances,NYC Broadway Week (Summer),9/6/2023
Concerts & Performances,NYC Broadway Week (Summer),9/7/2023
Concerts & Performances,NYC Broadway Week (Summer),9/8/2023
Concerts & Performances,NYC Broadway Week (Summer),9/9/2023
Concerts & Performances,NYC Broadway Week (Summer),9/10/2023
Concerts & Performances,NYC Broadway Week (Summer),9/11/2023
Concerts & Performances,NYC Broadway Week (Summer),9/12/2023
Concerts & Performances,NYC Broadway Week (Summer),9/13/2023
Concerts & Performances,NYC Broadway Week (Summer),9/14/2023
Concerts & Performances,NYC Broadway Week (Summer),9/15/2023
Concerts & Performances,NYC Broadway Week (Summer),9/16/2023
Concerts & Performances,NYC Broadway Week (Summer),9/17/2023
Concerts & Performances,NYC Broadway Week (Summer),9/18/2023
Concerts & Performances,NYC Broadway Week (Summer),9/19/2023
Concerts & Performances,NYC Broadway Week (Summer),9/20/2023
Concerts & Performances,NYC Broadway Week (Summer),9/21/2023
Concerts & Performances,NYC Broadway Week (Summer),9/22/2023
Concerts & Performances,NYC Broadway Week (Summer),9/23/2023
Concerts & Performances,NYC Broadway Week (Summer),9/24/2023
Concerts & Performances,NYC Broadway Week (Winter),1/16/2024
Concerts & Performances,NYC Broadway Week (Winter),1/17/2024
Concerts & Performances,NYC Broadway Week (Winter),1/18/2024
Concerts & Performances,NYC Broadway Week (Winter),1/19/2024
Concerts & Performances,NYC Broadway Week (Winter),1/20/2024
Concerts & Performances,NYC Broadway Week (Winter),1/21/2024
Concerts & Performances,NYC Broadway Week (Winter),1/22/2024
Concerts & Performances,NYC Broadway Week (Winter),1/23/2024
Concerts & Performances,NYC Broadway Week (Winter),1/24/2024
Concerts & Performances,NYC Broadway Week (Winter),1/25/2024
Concerts & Performances,NYC Broadway Week (Winter),1/26/2024
Concerts & Performances,NYC Broadway Week (Winter),1/27/2024
Concerts & Performances,NYC Broadway Week (Winter),1/28/2024
Concerts & Performances,NYC Broadway Week (Winter),1/29/2024
Concerts & Performances,NYC Broadway Week (Winter),1/30/2024
Concerts & Performances,NYC Broadway Week (Winter),1/31/2024
Concerts & Performances,NYC Broadway Week (Winter),2/1/2024
Concerts & Performances,NYC Broadway Week (Winter),2/2/2024
Concerts & Performances,NYC Broadway Week (Winter),2/3/2024
Concerts & Performances,NYC Broadway Week (Winter),2/4/2024
Concerts & Performances,NYC Broadway Week (Summer),9/10/2024
Concerts & Performances,NYC Broadway Week (Summer),9/11/2024
Concerts & Performances,NYC Broadway Week (Summer),9/12/2024
Concerts & Performances,NYC Broadway Week (Summer),9/13/2024
Concerts & Performances,NYC Broadway Week (Summer),9/14/2024
Concerts & Performances,NYC Broadway Week (Summer),9/15/2024
Concerts & Performances,NYC Broadway Week (Summer),9/16/2024
Concerts & Performances,NYC Broadway Week (Summer),9/17/2024
Concerts & Performances,NYC Broadway Week (Summer),9/18/2024
Concerts & Performances,NYC Broadway Week (Summer),9/19/2024
Concerts & Performances,NYC Broadway Week (Summer),9/20/2024
Concerts & Performances,NYC Broadway Week (Summer),9/21/2024
Concerts & Performances,NYC Broadway Week (Summer),9/22/2024
Concerts & Performances,NYC Broadway Week (Summer),9/23/2024
Concerts & Performances,NYC Broadway Week (Summer),9/24/2024
Concerts & Performances,NYC Broadway Week (Summer),9/25/2024
Concerts & Performances,NYC Broadway Week (Summer),9/26/2024
Concerts & Performances,NYC Broadway Week (Summer),9/27/2024
Concerts & Performances,NYC Broadway Week (Summer),9/28/2024
Concerts & Performances,NYC Broadway Week (Summer),9/29/2024
Concerts & Performances,Taylor Swift Dance Party,2/9/2024
Concerts & Performances,Tomatito Concert,4/5/2024
Pandemic,COVID-19 Full Lockdown,3/22/2020
Pandemic,COVID-19 Full Lockdown,3/23/2020
Pandemic,COVID-19 Full Lockdown,3/24/2020
Pandemic,COVID-19 Full Lockdown,3/25/2020
Pandemic,COVID-19 Full Lockdown,3/26/2020
Pandemic,COVID-19 Full Lockdown,3/27/2020
Pandemic,COVID-19 Full Lockdown,3/28/2020
Pandemic,COVID-19 Full Lockdown,3/29/2020
Pandemic,COVID-19 Full Lockdown,3/30/2020
Pandemic,COVID-19 Full Lockdown,3/31/2020
Pandemic,COVID-19 Full Lockdown,4/1/2020
Pandemic,COVID-19 Full Lockdown,4/2/2020
Pandemic,COVID-19 Full Lockdown,4/3/2020
Pandemic,COVID-19 Full Lockdown,4/4/2020
Pandemic,COVID-19 Full Lockdown,4/5/2020
Pandemic,COVID-19 Full Lockdown,4/6/2020
Pandemic,COVID-19 Full Lockdown,4/7/2020
Pandemic,COVID-19 Full Lockdown,4/8/2020
Pandemic,COVID-19 Full Lockdown,4/9/2020
Pandemic,COVID-19 Full Lockdown,4/10/2020
Pandemic,COVID-19 Full Lockdown,4/11/2020
Pandemic,COVID-19 Full Lockdown,4/12/2020
Pandemic,COVID-19 Full Lockdown,4/13/2020
Pandemic,COVID-19 Full Lockdown,4/14/2020
Pandemic,COVID-19 Full Lockdown,4/15/2020
Pandemic,COVID-19 Full Lockdown,4/16/2020
Pandemic,COVID-19 Full Lockdown,4/17/2020
Pandemic,COVID-19 Full Lockdown,4/18/2020
Pandemic,COVID-19 Full Lockdown,4/19/2020
Pandemic,COVID-19 Full Lockdown,4/20/2020
Pandemic,COVID-19 Full Lockdown,4/21/2020
Pandemic,COVID-19 Full Lockdown,4/22/2020
Pandemic,COVID-19 Full Lockdown,4/23/2020
Pandemic,COVID-19 Full Lockdown,4/24/2020
Pandemic,COVID-19 Full Lockdown,4/25/2020
Pandemic,COVID-19 Full Lockdown,4/26/2020
Pandemic,COVID-19 Full Lockdown,4/27/2020
Pandemic,COVID-19 Full Lockdown,4/28/2020
Pandemic,COVID-19 Full Lockdown,4/29/2020
Pandemic,COVID-19 Full Lockdown,4/30/2020
Pandemic,COVID-19 Full Lockdown,5/1/2020
Pandemic,COVID-19 Full Lockdown,5/2/2020
Pandemic,COVID-19 Full Lockdown,5/3/2020
Pandemic,COVID-19 Full Lockdown,5/4/2020
Pandemic,COVID-19 Full Lockdown,5/5/2020
Pandemic,COVID-19 Full Lockdown,5/6/2020
Pandemic,COVID-19 Full Lockdown,5/7/2020
Pandemic,COVID-19 Full Lockdown,5/8/2020
Pandemic,COVID-19 Full Lockdown,5/9/2020
Pandemic,COVID-19 Full Lockdown,5/10/2020
Pandemic,COVID-19 Full Lockdown,5/11/2020
Pandemic,COVID-19 Full Lockdown,5/12/2020
Pandemic,COVID-19 Full Lockdown,5/13/2020
Pandemic,COVID-19 Full Lockdown,5/14/2020
Pandemic,COVID-19 Full Lockdown,5/15/2020
Pandemic,COVID-19 Full Lockdown,5/16/2020
Pandemic,COVID-19 Full Lockdown,5/17/2020
Pandemic,COVID-19 Full Lockdown,5/18/2020
Pandemic,COVID-19 Full Lockdown,5/19/2020
Pandemic,COVID-19 Full Lockdown,5/20/2020
Pandemic,COVID-19 Full Lockdown,5/21/2020
Pandemic,COVID-19 Full Lockdown,5/22/2020
Pandemic,COVID-19 Full Lockdown,5/23/2020
Pandemic,COVID-19 Full Lockdown,5/24/2020
Pandemic,COVID-19 Full Lockdown,5/25/2020
Pandemic,COVID-19 Full Lockdown,5/26/2020
Pandemic,COVID-19 Full Lockdown,5/27/2020
Pandemic,COVID-19 Full Lockdown,5/28/2020
Pandemic,COVID-19 Full Lockdown,5/29/2020
Pandemic,COVID-19 Full Lockdown,5/30/2020
Pandemic,COVID-19 Full Lockdown,5/31/2020
Pandemic,COVID-19 Full Lockdown,6/1/2020
Pandemic,COVID-19 Full Lockdown,6/2/2020
Pandemic,COVID-19 Full Lockdown,6/3/2020
Pandemic,COVID-19 Full Lockdown,6/4/2020
Pandemic,COVID-19 Full Lockdown,6/5/2020
Pandemic,COVID-19 Full Lockdown,6/6/2020
Pandemic,COVID-19 Full Lockdown,6/7/2020
Pandemic,Gradual Reopening,6/8/2020
Pandemic,Gradual Reopening,6/9/2020
Pandemic,Gradual Reopening,6/10/2020
Pandemic,Gradual Reopening,6/11/2020
Pandemic,Gradual Reopening,6/12/2020
Pandemic,Gradual Reopening,6/13/2020
Pandemic,Gradual Reopening,6/14/2020
Pandemic,Gradual Reopening,6/15/2020
Pandemic,Gradual Reopening,6/16/2020
Pandemic,Gradual Reopening,6/17/2020
Pandemic,Gradual Reopening,6/18/2020
Pandemic,Gradual Reopening,6/19/2020
Pandemic,Gradual Reopening,6/20/2020
Pandemic,Gradual Reopening,6/21/2020
Pandemic,Gradual Reopening,6/22/2020
Pandemic,Gradual Reopening,6/23/2020
Pandemic,Gradual Reopening,6/24/2020
Pandemic,Gradual Reopening,6/25/2020
Pandemic,Gradual Reopening,6/26/2020
Pandemic,Gradual Reopening,6/27/2020
Pandemic,Gradual Reopening,6/28/2020
Pandemic,Gradual Reopening,6/29/2020
Pandemic,Gradual Reopening,6/30/2020
Pandemic,Gradual Reopening,7/1/2020
Pandemic,Gradual Reopening,7/2/2020
Pandemic,Gradual Reopening,7/3/2020
Pandemic,Gradual Reopening,7/4/2020
Pandemic,Gradual Reopening,7/5/2020
Pandemic,Gradual Reopening,7/6/2020
Pandemic,Gradual Reopening,7/7/2020
Pandemic,Gradual Reopening,7/8/2020
Pandemic,Gradual Reopening,7/9/2020
Pandemic,Gradual Reopening,7/10/2020
Pandemic,Gradual Reopening,7/11/2020
Pandemic,Gradual Reopening,7/12/2020
Pandemic,Gradual Reopening,7/13/2020
Pandemic,Gradual Reopening,7/14/2020
Pandemic,Gradual Reopening,7/15/2020
Pandemic,Gradual Reopening,7/16/2020
Pandemic,Gradual Reopening,7/17/2020
Pandemic,Gradual Reopening,7/18/2020
Pandemic,Gradual Reopening,7/19/2020
Pandemic,Gradual Reopening,7/20/2020
Pandemic,Gradual Reopening,7/21/2020
Pandemic,Gradual Reopening,7/22/2020
Pandemic,Gradual Reopening,7/23/2020
Pandemic,Gradual Reopening,7/24/2020
Pandemic,Gradual Reopening,7/25/2020
Pandemic,Gradual Reopening,7/26/2020
Pandemic,Gradual Reopening,7/27/2020
Pandemic,Gradual Reopening,7/28/2020
Pandemic,Gradual Reopening,7/29/2020
Pandemic,Gradual Reopening,7/30/2020
Pandemic,Gradual Reopening,7/31/2020
Pandemic,Gradual Reopening,8/1/2020
Pandemic,Gradual Reopening,8/2/2020
Pandemic,Gradual Reopening,8/3/2020
Pandemic,Gradual Reopening,8/4/2020
Pandemic,Gradual Reopening,8/5/2020
Pandemic,Gradual Reopening,8/6/2020
Pandemic,Gradual Reopening,8/7/2020
Pandemic,Gradual Reopening,8/8/2020
Pandemic,Gradual Reopening,8/9/2020
Pandemic,Gradual Reopening,8/10/2020
Pandemic,Gradual Reopening,8/11/2020
Pandemic,Gradual Reopening,8/12/2020
Pandemic,Gradual Reopening,8/13/2020
Pandemic,Gradual Reopening,8/14/2020
Pandemic,Gradual Reopening,8/15/2020
Pandemic,Gradual Reopening,8/16/2020
Pandemic,Gradual Reopening,8/17/2020
Pandemic,Gradual Reopening,8/18/2020
Pandemic,Gradual Reopening,8/19/2020
Pandemic,Gradual Reopening,8/20/2020
Pandemic,Gradual Reopening,8/21/2020
Pandemic,Gradual Reopening,8/22/2020
Pandemic,Gradual Reopening,8/23/2020
Pandemic,Gradual Reopening,8/24/2020
Pandemic,Gradual Reopening,8/25/2020
Pandemic,Gradual Reopening,8/26/2020
Pandemic,Gradual Reopening,8/27/2020
Pandemic,Gradual Reopening,8/28/2020
Pandemic,Gradual Reopening,8/29/2020
Pandemic,Gradual Reopening,8/30/2020
Pandemic,Gradual Reopening,8/31/2020
Pandemic,Gradual Reopening,9/1/2020
Pandemic,Gradual Reopening,9/2/2020
Pandemic,Gradual Reopening,9/3/2020
Pandemic,Gradual Reopening,9/4/2020
Pandemic,Gradual Reopening,9/5/2020
Pandemic,Gradual Reopening,9/6/2020
Pandemic,Gradual Reopening,9/7/2020
Pandemic,Gradual Reopening,9/8/2020
Pandemic,Gradual Reopening,9/9/2020
Pandemic,Gradual Reopening,9/10/2020
Pandemic,Gradual Reopening,9/11/2020
Pandemic,Gradual Reopening,9/12/2020
Pandemic,Gradual Reopening,9/13/2020
Pandemic,Gradual Reopening,9/14/2020
Pandemic,Gradual Reopening,9/15/2020
Pandemic,Gradual Reopening,9/16/2020
Pandemic,Gradual Reopening,9/17/2020
Pandemic,Gradual Reopening,9/18/2020
Pandemic,Gradual Reopening,9/19/2020
Pandemic,Gradual Reopening,9/20/2020
Pandemic,Gradual Reopening,9/21/2020
Pandemic,Gradual Reopening,9/22/2020
Pandemic,Gradual Reopening,9/23/2020
Pandemic,Gradual Reopening,9/24/2020
Pandemic,Gradual Reopening,9/25/2020
Pandemic,Gradual Reopening,9/26/2020
Pandemic,Gradual Reopening,9/27/2020
Pandemic,Gradual Reopening,9/28/2020
Pandemic,Gradual Reopening,9/29/2020
Pandemic,Gradual Reopening,9/30/2020
Pandemic,Gradual Reopening,10/1/2020
Pandemic,Gradual Reopening,10/2/2020
Pandemic,Gradual Reopening,10/3/2020
Pandemic,Gradual Reopening,10/4/2020
Pandemic,Gradual Reopening,10/5/2020
Pandemic,Gradual Reopening,10/6/2020
Pandemic,Gradual Reopening,10/7/2020
Pandemic,Gradual Reopening,10/8/2020
Pandemic,Gradual Reopening,10/9/2020
Pandemic,Gradual Reopening,10/10/2020
Pandemic,Gradual Reopening,10/11/2020
Pandemic,Gradual Reopening,10/12/2020
Pandemic,Gradual Reopening,10/13/2020
Pandemic,Gradual Reopening,10/14/2020
Pandemic,Gradual Reopening,10/15/2020
Pandemic,Gradual Reopening,10/16/2020
Pandemic,Gradual Reopening,10/17/2020
Pandemic,Gradual Reopening,10/18/2020
Pandemic,Gradual Reopening,10/19/2020
Pandemic,Gradual Reopening,10/20/2020
Pandemic,Gradual Reopening,10/21/2020
Pandemic,Gradual Reopening,10/22/2020
Pandemic,Gradual Reopening,10/23/2020
Pandemic,Gradual Reopening,10/24/2020
Pandemic,Gradual Reopening,10/25/2020
Pandemic,Gradual Reopening,10/26/2020
Pandemic,Gradual Reopening,10/27/2020
Pandemic,Gradual Reopening,10/28/2020
Pandemic,Gradual Reopening,10/29/2020
Pandemic,Gradual Reopening,10/30/2020
Pandemic,Gradual Reopening,10/31/2020
Pandemic,Gradual Reopening,11/1/2020
Pandemic,Gradual Reopening,11/2/2020
Pandemic,Gradual Reopening,11/3/2020
Pandemic,Gradual Reopening,11/4/2020
Pandemic,Gradual Reopening,11/5/2020
Pandemic,Gradual Reopening,11/6/2020
Pandemic,Gradual Reopening,11/7/2020
Pandemic,Gradual Reopening,11/8/2020
Pandemic,Gradual Reopening,11/9/2020
Pandemic,Gradual Reopening,11/10/2020
Pandemic,Gradual Reopening,11/11/2020
Pandemic,Gradual Reopening,11/12/2020
Pandemic,Gradual Reopening,11/13/2020
Pandemic,Gradual Reopening,11/14/2020
Pandemic,Gradual Reopening,11/15/2020
Pandemic,Gradual Reopening,11/16/2020
Pandemic,Gradual Reopening,11/17/2020
Pandemic,Gradual Reopening,11/18/2020
Pandemic,Gradual Reopening,11/19/2020
Pandemic,Gradual Reopening,11/20/2020
Pandemic,Gradual Reopening,11/21/2020
Pandemic,Gradual Reopening,11/22/2020
Pandemic,Gradual Reopening,11/23/2020
Pandemic,Gradual Reopening,11/24/2020
Pandemic,Gradual Reopening,11/25/2020
Pandemic,Gradual Reopening,11/26/2020
Pandemic,Gradual Reopening,11/27/2020
Pandemic,Gradual Reopening,11/28/2020
Pandemic,Gradual Reopening,11/29/2020
Pandemic,Gradual Reopening,11/30/2020
Pandemic,Gradual Reopening,12/1/2020
Pandemic,Gradual Reopening,12/2/2020
Pandemic,Gradual Reopening,12/3/2020
Pandemic,Gradual Reopening,12/4/2020
Pandemic,Gradual Reopening,12/5/2020
Pandemic,Gradual Reopening,12/6/2020
Pandemic,Gradual Reopening,12/7/2020
Pandemic,Gradual Reopening,12/8/2020
Pandemic,Gradual Reopening,12/9/2020
Pandemic,Gradual Reopening,12/10/2020
Pandemic,Gradual Reopening,12/11/2020
Pandemic,Gradual Reopening,12/12/2020
Pandemic,Gradual Reopening,12/13/2020
Pandemic,Gradual Reopening,12/14/2020
Pandemic,Gradual Reopening,12/15/2020
Pandemic,Gradual Reopening,12/16/2020
Pandemic,Gradual Reopening,12/17/2020
Pandemic,Gradual Reopening,12/18/2020
Pandemic,Gradual Reopening,12/19/2020
Pandemic,Gradual Reopening,12/20/2020
Pandemic,Gradual Reopening,12/21/2020
Pandemic,Gradual Reopening,12/22/2020
Pandemic,Gradual Reopening,12/23/2020
Pandemic,Gradual Reopening,12/24/2020
Pandemic,Gradual Reopening,12/25/2020
Pandemic,Gradual Reopening,12/26/2020
Pandemic,Gradual Reopening,12/27/2020
Pandemic,Gradual Reopening,12/28/2020
Pandemic,Gradual Reopening,12/29/2020
Pandemic,Gradual Reopening,12/30/2020
Pandemic,Gradual Reopening,12/31/2020
Pandemic,Gradual Reopening,1/1/2021
Pandemic,Gradual Reopening,1/2/2021
Pandemic,Gradual Reopening,1/3/2021
Pandemic,Gradual Reopening,1/4/2021
Pandemic,Gradual Reopening,1/5/2021
Pandemic,Gradual Reopening,1/6/2021
Pandemic,Gradual Reopening,1/7/2021
Pandemic,Gradual Reopening,1/8/2021
Pandemic,Gradual Reopening,1/9/2021
Pandemic,Gradual Reopening,1/10/2021
Pandemic,Gradual Reopening,1/11/2021
Pandemic,Gradual Reopening,1/12/2021
Pandemic,Gradual Reopening,1/13/2021
Pandemic,Gradual Reopening,1/14/2021
Pandemic,Gradual Reopening,1/15/2021
Pandemic,Gradual Reopening,1/16/2021
Pandemic,Gradual Reopening,1/17/2021
Pandemic,Gradual Reopening,1/18/2021
Pandemic,Gradual Reopening,1/19/2021
Pandemic,Gradual Reopening,1/20/2021
Pandemic,Gradual Reopening,1/21/2021
Pandemic,Gradual Reopening,1/22/2021
Pandemic,Gradual Reopening,1/23/2021
Pandemic,Gradual Reopening,1/24/2021
Pandemic,Gradual Reopening,1/25/2021
Pandemic,Gradual Reopening,1/26/2021
Pandemic,Gradual Reopening,1/27/2021
Pandemic,Gradual Reopening,1/28/2021
Pandemic,Gradual Reopening,1/29/2021
Pandemic,Gradual Reopening,1/30/2021
Pandemic,Gradual Reopening,1/31/2021
Pandemic,Gradual Reopening,2/1/2021
Pandemic,Gradual Reopening,2/2/2021
Pandemic,Gradual Reopening,2/3/2021
Pandemic,Gradual Reopening,2/4/2021
Pandemic,Gradual Reopening,2/5/2021
Pandemic,Gradual Reopening,2/6/2021
Pandemic,Gradual Reopening,2/7/2021
Pandemic,Gradual Reopening,2/8/2021
Pandemic,Gradual Reopening,2/9/2021
Pandemic,Gradual Reopening,2/10/2021
Pandemic,Gradual Reopening,2/11/2021
Pandemic,Gradual Reopening,2/12/2021
Pandemic,Gradual Reopening,2/13/2021
Pandemic,Gradual Reopening,2/14/2021
Pandemic,Gradual Reopening,2/15/2021
Pandemic,Gradual Reopening,2/16/2021
Pandemic,Gradual Reopening,2/17/2021
Pandemic,Gradual Reopening,2/18/2021
Pandemic,Gradual Reopening,2/19/2021
Pandemic,Gradual Reopening,2/20/2021
Pandemic,Gradual Reopening,2/21/2021
Pandemic,Gradual Reopening,2/22/2021
Pandemic,Gradual Reopening,2/23/2021
Pandemic,Gradual Reopening,2/24/2021
Pandemic,Gradual Reopening,2/25/2021
Pandemic,Gradual Reopening,2/26/2021
Pandemic,Gradual Reopening,2/27/2021
Pandemic,Gradual Reopening,2/28/2021
Pandemic,Gradual Reopening,3/1/2021
Pandemic,Gradual Reopening,3/2/2021
Pandemic,Gradual Reopening,3/3/2021
Pandemic,Gradual Reopening,3/4/2021
Pandemic,Gradual Reopening,3/5/2021
Pandemic,Gradual Reopening,3/6/2021
Pandemic,Gradual Reopening,3/7/2021
Pandemic,Gradual Reopening,3/8/2021
Pandemic,Gradual Reopening,3/9/2021
Pandemic,Gradual Reopening,3/10/2021
Pandemic,Gradual Reopening,3/11/2021
Pandemic,Gradual Reopening,3/12/2021
Pandemic,Gradual Reopening,3/13/2021
Pandemic,Gradual Reopening,3/14/2021
Pandemic,Gradual Reopening,3/15/2021
Pandemic,Gradual Reopening,3/16/2021
Pandemic,Gradual Reopening,3/17/2021
Pandemic,Gradual Reopening,3/18/2021
Pandemic,Gradual Reopening,3/19/2021
Pandemic,Gradual Reopening,3/20/2021
Pandemic,Gradual Reopening,3/21/2021
Pandemic,Gradual Reopening,3/22/2021
Pandemic,Gradual Reopening,3/23/2021
Pandemic,Gradual Reopening,3/24/2021
Pandemic,Gradual Reopening,3/25/2021
Pandemic,Gradual Reopening,3/26/2021
Pandemic,Gradual Reopening,3/27/2021
Pandemic,Gradual Reopening,3/28/2021
Pandemic,Gradual Reopening,3/29/2021
Pandemic,Gradual Reopening,3/30/2021
Pandemic,Gradual Reopening,3/31/2021
Pandemic,Gradual Reopening,4/1/2021
Pandemic,Gradual Reopening,4/2/2021
Pandemic,Gradual Reopening,4/3/2021
Pandemic,Gradual Reopening,4/4/2021
Pandemic,Gradual Reopening,4/5/2021
Pandemic,Gradual Reopening,4/6/2021
Pandemic,Gradual Reopening,4/7/2021
Pandemic,Gradual Reopening,4/8/2021
Pandemic,Gradual Reopening,4/9/2021
Pandemic,Gradual Reopening,4/10/2021
Pandemic,Gradual Reopening,4/11/2021
Pandemic,Gradual Reopening,4/12/2021
Pandemic,Gradual Reopening,4/13/2021
Pandemic,Gradual Reopening,4/14/2021
Pandemic,Gradual Reopening,4/15/2021
Pandemic,Gradual Reopening,4/16/2021
Pandemic,Gradual Reopening,4/17/2021
Pandemic,Gradual Reopening,4/18/2021
Pandemic,Gradual Reopening,4/19/2021
Pandemic,Gradual Reopening,4/20/2021
Pandemic,Gradual Reopening,4/21/2021
Pandemic,Gradual Reopening,4/22/2021
Pandemic,Gradual Reopening,4/23/2021
Pandemic,Gradual Reopening,4/24/2021
Pandemic,Gradual Reopening,4/25/2021
Pandemic,Gradual Reopening,4/26/2021
Pandemic,Gradual Reopening,4/27/2021
Pandemic,Gradual Reopening,4/28/2021
Pandemic,Gradual Reopening,4/29/2021
Pandemic,Gradual Reopening,4/30/2021
Pandemic,Gradual Reopening,5/1/2021
Pandemic,Gradual Reopening,5/2/2021
Pandemic,Gradual Reopening,5/3/2021
Pandemic,Gradual Reopening,5/4/2021
Pandemic,Gradual Reopening,5/5/2021
Pandemic,Gradual Reopening,5/6/2021
Pandemic,Gradual Reopening,5/7/2021
Pandemic,Gradual Reopening,5/8/2021
Pandemic,Gradual Reopening,5/9/2021
Pandemic,Gradual Reopening,5/10/2021
Pandemic,Gradual Reopening,5/11/2021
Pandemic,Gradual Reopening,5/12/2021
Pandemic,Gradual Reopening,5/13/2021
Pandemic,Gradual Reopening,5/14/2021
Pandemic,Gradual Reopening,5/15/2021
Pandemic,Gradual Reopening,5/16/2021
Pandemic,Gradual Reopening,5/17/2021
Pandemic,Gradual Reopening,5/18/2021
Pandemic,Major Restrictions Lifted,5/19/2021
Pandemic,Major Restrictions Lifted,5/20/2021
Pandemic,Major Restrictions Lifted,5/21/2021
Pandemic,Major Restrictions Lifted,5/22/2021
Pandemic,Major Restrictions Lifted,5/23/2021
Pandemic,Major Restrictions Lifted,5/24/2021
Pandemic,Major Restrictions Lifted,5/25/2021
Pandemic,Major Restrictions Lifted,5/26/2021
Pandemic,Major Restrictions Lifted,5/27/2021
Pandemic,Major Restrictions Lifted,5/28/2021
Pandemic,Major Restrictions Lifted,5/29/2021
Pandemic,Major Restrictions Lifted,5/30/2021
Pandemic,Major Restrictions Lifted,5/31/2021
Pandemic,Major Restrictions Lifted,6/1/2021
Pandemic,Major Restrictions Lifted,6/2/2021
Pandemic,Major Restrictions Lifted,6/3/2021
Pandemic,Major Restrictions Lifted,6/4/2021
Pandemic,Major Restrictions Lifted,6/5/2021
Pandemic,Major Restrictions Lifted,6/6/2021
Pandemic,Major Restrictions Lifted,6/7/2021
Pandemic,Major Restrictions Lifted,6/8/2021
Pandemic,Major Restrictions Lifted,6/9/2021
Pandemic,Major Restrictions Lifted,6/10/2021
Pandemic,Major Restrictions Lifted,6/11/2021
Pandemic,Major Restrictions Lifted,6/12/2021
Pandemic,Major Restrictions Lifted,6/13/2021
Pandemic,Major Restrictions Lifted,6/14/2021
Pandemic,Major Restrictions Lifted,6/15/2021
Pandemic,Major Restrictions Lifted,6/16/2021
Pandemic,Major Restrictions Lifted,6/17/2021
Pandemic,Major Restrictions Lifted,6/18/2021
Pandemic,Major Restrictions Lifted,6/19/2021
Pandemic,Major Restrictions Lifted,6/20/2021
Pandemic,Major Restrictions Lifted,6/21/2021
Pandemic,Major Restrictions Lifted,6/22/2021
Pandemic,Major Restrictions Lifted,6/23/2021
Pandemic,Major Restrictions Lifted,6/24/2021
Pandemic,Major Restrictions Lifted,6/25/2021
Pandemic,Major Restrictions Lifted,6/26/2021
Pandemic,Major Restrictions Lifted,6/27/2021
Pandemic,Major Restrictions Lifted,6/28/2021
Pandemic,Major Restrictions Lifted,6/29/2021
Pandemic,Major Restrictions Lifted,6/30/2021
Pandemic,Major Restrictions Lifted,7/1/2021
Pandemic,Major Restrictions Lifted,7/2/2021
Pandemic,Major Restrictions Lifted,7/3/2021
Pandemic,Major Restrictions Lifted,7/4/2021
Pandemic,Major Restrictions Lifted,7/5/2021
Pandemic,Major Restrictions Lifted,7/6/2021
Pandemic,Major Restrictions Lifted,7/7/2021
Pandemic,Major Restrictions Lifted,7/8/2021
Pandemic,Major Restrictions Lifted,7/9/2021
Pandemic,Major Restrictions Lifted,7/10/2021
Pandemic,Major Restrictions Lifted,7/11/2021
Pandemic,Major Restrictions Lifted,7/12/2021
Pandemic,Major Restrictions Lifted,7/13/2021
Pandemic,Major Restrictions Lifted,7/14/2021
Pandemic,Major Restrictions Lifted,7/15/2021
Pandemic,Major Restrictions Lifted,7/16/2021
Pandemic,Major Restrictions Lifted,7/17/2021
Pandemic,Major Restrictions Lifted,7/18/2021
Pandemic,Major Restrictions Lifted,7/19/2021
Pandemic,Major Restrictions Lifted,7/20/2021
Pandemic,Major Restrictions Lifted,7/21/2021
Pandemic,Major Restrictions Lifted,7/22/2021
Pandemic,Major Restrictions Lifted,7/23/2021
Pandemic,Major Restrictions Lifted,7/24/2021
Pandemic,Major Restrictions Lifted,7/25/2021
Pandemic,Major Restrictions Lifted,7/26/2021
Pandemic,Major Restrictions Lifted,7/27/2021
Pandemic,Major Restrictions Lifted,7/28/2021
Pandemic,Major Restrictions Lifted,7/29/2021
Pandemic,Major Restrictions Lifted,7/30/2021
Pandemic,Major Restrictions Lifted,7/31/2021
Pandemic,Major Restrictions Lifted,8/1/2021
Pandemic,Major Restrictions Lifted,8/2/2021
Pandemic,Major Restrictions Lifted,8/3/2021
Pandemic,Major Restrictions Lifted,8/4/2021
Pandemic,Major Restrictions Lifted,8/5/2021
Pandemic,Major Restrictions Lifted,8/6/2021
Pandemic,Major Restrictions Lifted,8/7/2021
Pandemic,Major Restrictions Lifted,8/8/2021
Pandemic,Major Restrictions Lifted,8/9/2021
Pandemic,Major Restrictions Lifted,8/10/2021
Pandemic,Major Restrictions Lifted,8/11/2021
Pandemic,Major Restrictions Lifted,8/12/2021
Pandemic,Major Restrictions Lifted,8/13/2021
Pandemic,Major Restrictions Lifted,8/14/2021
Pandemic,Major Restrictions Lifted,8/15/2021
Pandemic,Major Restrictions Lifted,8/16/2021
Pandemic,Major Restrictions Lifted,8/17/2021
Pandemic,Major Restrictions Lifted,8/18/2021
Pandemic,Major Restrictions Lifted,8/19/2021
Pandemic,Major Restrictions Lifted,8/20/2021
Pandemic,Major Restrictions Lifted,8/21/2021
Pandemic,Major Restrictions Lifted,8/22/2021
Pandemic,Major Restrictions Lifted,8/23/2021
Pandemic,Major Restrictions Lifted,8/24/2021
Pandemic,Major Restrictions Lifted,8/25/2021
Pandemic,Major Restrictions Lifted,8/26/2021
Pandemic,Major Restrictions Lifted,8/27/2021
Pandemic,Major Restrictions Lifted,8/28/2021
Pandemic,Major Restrictions Lifted,8/29/2021
Pandemic,Major Restrictions Lifted,8/30/2021
Pandemic,Major Restrictions Lifted,8/31/2021
Pandemic,Major Restrictions Lifted,9/1/2021
Pandemic,Major Restrictions Lifted,9/2/2021
Pandemic,Major Restrictions Lifted,9/3/2021
Pandemic,Major Restrictions Lifted,9/4/2021
Pandemic,Major Restrictions Lifted,9/5/2021
Pandemic,Major Restrictions Lifted,9/6/2021
Pandemic,Major Restrictions Lifted,9/7/2021
Pandemic,Major Restrictions Lifted,9/8/2021
Pandemic,Major Restrictions Lifted,9/9/2021
Pandemic,Major Restrictions Lifted,9/10/2021
Pandemic,Major Restrictions Lifted,9/11/2021
Pandemic,Major Restrictions Lifted,9/12/2021
Pandemic,Major Restrictions Lifted,9/13/2021
Pandemic,Major Restrictions Lifted,9/14/2021
Pandemic,Major Restrictions Lifted,9/15/2021
Pandemic,Major Restrictions Lifted,9/16/2021
Pandemic,Major Restrictions Lifted,9/17/2021
Pandemic,Major Restrictions Lifted,9/18/2021
Pandemic,Major Restrictions Lifted,9/19/2021
Pandemic,Major Restrictions Lifted,9/20/2021
Pandemic,Major Restrictions Lifted,9/21/2021
Pandemic,Major Restrictions Lifted,9/22/2021
Pandemic,Major Restrictions Lifted,9/23/2021
Pandemic,Major Restrictions Lifted,9/24/2021
Pandemic,Major Restrictions Lifted,9/25/2021
Pandemic,Major Restrictions Lifted,9/26/2021
Pandemic,Major Restrictions Lifted,9/27/2021
Pandemic,Major Restrictions Lifted,9/28/2021
Pandemic,Major Restrictions Lifted,9/29/2021
Pandemic,Major Restrictions Lifted,9/30/2021
Pandemic,Major Restrictions Lifted,10/1/2021
Pandemic,Major Restrictions Lifted,10/2/2021
Pandemic,Major Restrictions Lifted,10/3/2021
Pandemic,Major Restrictions Lifted,10/4/2021
Pandemic,Major Restrictions Lifted,10/5/2021
Pandemic,Major Restrictions Lifted,10/6/2021
Pandemic,Major Restrictions Lifted,10/7/2021
Pandemic,Major Restrictions Lifted,10/8/2021
Pandemic,Major Restrictions Lifted,10/9/2021
Pandemic,Major Restrictions Lifted,10/10/2021
Pandemic,Major Restrictions Lifted,10/11/2021
Pandemic,Major Restrictions Lifted,10/12/2021
Pandemic,Major Restrictions Lifted,10/13/2021
Pandemic,Major Restrictions Lifted,10/14/2021
Pandemic,Major Restrictions Lifted,10/15/2021
Pandemic,Major Restrictions Lifted,10/16/2021
Pandemic,Major Restrictions Lifted,10/17/2021
Pandemic,Major Restrictions Lifted,10/18/2021
Pandemic,Major Restrictions Lifted,10/19/2021
Pandemic,Major Restrictions Lifted,10/20/2021
Pandemic,Major Restrictions Lifted,10/21/2021
Pandemic,Major Restrictions Lifted,10/22/2021
Pandemic,Major Restrictions Lifted,10/23/2021
Pandemic,Major Restrictions Lifted,10/24/2021
Pandemic,Major Restrictions Lifted,10/25/2021
Pandemic,Major Restrictions Lifted,10/26/2021
Pandemic,Major Restrictions Lifted,10/27/2021
Pandemic,Major Restrictions Lifted,10/28/2021
Pandemic,Major Restrictions Lifted,10/29/2021
Pandemic,Major Restrictions Lifted,10/30/2021
Pandemic,Major Restrictions Lifted,10/31/2021
